trace_rowid,query>duration,retrieve>duration,embedding>duration,reranking>duration,llm>duration,llm_request>duration,llm_scheduler>duration,llm_generate>duration,trace@query@llm_token_count_completion,trace@query@llm_token_count_prompt,trace@query@llm_token_count_total,trace@retrieve@retrieve_num,trace@embedding@embedding_model_name,trace@embedding@embedding_vector,trace@reranking@rerank_model_name,trace@reranking@top_k,trace@llm_request@llm_model_name,trace@llm_request@parameters_best_of,trace@llm_request@parameters_max_tokens,trace@llm_request@parameters_n,trace@llm_request@parameters_temperature,trace@llm_request@parameters_top_p,log@rag@httpcore.http11 - [_trace.py:85] - DEBUG,log@rag@openai._base_client - [_base_client.py:1585] - DEBUG,log@rag@httpx - [_client.py:1786] - INFO,log@rag@llmrca.create_vdb.pipeline.rag - [rag.py:112] - INFO,log@rag@llmrca.create_vdb.pipeline.rag - [rag.py:143] - INFO,log@rag@httpcore.connection - [_trace.py:85] - DEBUG,log@rag@openai._base_client - [_base_client.py:446] - DEBUG,log@rag@urllib3.connectionpool - [connectionpool.py:291] - DEBUG,log@rag@llmrca.create_vdb.pipeline.rag - [rag.py:125] - DEBUG,log@rag@urllib3.connectionpool - [connectionpool.py:546] - DEBUG,log@rag@llmrca.create_vdb.pipeline.rag - [rag.py:133] - DEBUG,log@rag@llmrca.create_vdb.pipeline.rag - [rag.py:117] - DEBUG,log@vllm@vllm.engine.async_llm_engine - [async_llm_engine.py:578] - DEBUG,log@vllm@vllm.engine.metrics - [metrics.py:295] - INFO,log@vllm@vllm.engine.async_llm_engine - [async_llm_engine.py:134] - INFO,log@vllm@vllm.engine.async_llm_engine - [async_llm_engine.py:648] - INFO,log@vllm@vllm.engine.async_llm_engine - [async_llm_engine.py:564] - DEBUG,metric@qdrant@cpu_usage_percent,metric@qdrant@mem_rss,metric@qdrant@mem_vms,metric@qdrant@mem_memory_percent,metric@qdrant@disk_read_bytes,metric@qdrant@disk_write_bytes,metric@qdrant@disk_read_count,metric@qdrant@disk_write_count,metric@rag@cpu_usage_percent,metric@rag@mem_rss,metric@rag@mem_vms,metric@rag@mem_memory_percent,metric@rag@disk_read_bytes,metric@rag@disk_write_bytes,metric@rag@disk_read_count,metric@rag@disk_write_count,metric@rag@gpu_3_gpu_utilization_percent,metric@rag@gpu_3_gpu_memory_used_MB,metric@rag@gpu_3_gpu_memory_total_MB,metric@rag@gpu_3_gpu_memory_process_used_MB,metric@rag@gpu_3_gpu_temperature_C,metric@rag@gpu_3_gpu_power_W,metric@rag@gpu_3_gpu_sm_activity_percent,metric@rag@gpu_3_gpu_graph_clock,metric@rag@gpu_4_gpu_utilization_percent,metric@rag@gpu_4_gpu_memory_used_MB,metric@rag@gpu_4_gpu_memory_total_MB,metric@rag@gpu_4_gpu_memory_process_used_MB,metric@rag@gpu_4_gpu_temperature_C,metric@rag@gpu_4_gpu_power_W,metric@rag@gpu_4_gpu_sm_activity_percent,metric@rag@gpu_4_gpu_graph_clock,metric@vllm@cpu_usage_percent,metric@vllm@mem_rss,metric@vllm@mem_vms,metric@vllm@mem_memory_percent,metric@vllm@disk_read_bytes,metric@vllm@disk_write_bytes,metric@vllm@disk_read_count,metric@vllm@disk_write_count,metric@vllm@gpu_5_gpu_utilization_percent,metric@vllm@gpu_5_gpu_memory_used_MB,metric@vllm@gpu_5_gpu_memory_total_MB,metric@vllm@gpu_5_gpu_memory_process_used_MB,metric@vllm@gpu_5_gpu_temperature_C,metric@vllm@gpu_5_gpu_power_W,metric@vllm@gpu_5_gpu_sm_activity_percent,metric@vllm@gpu_5_gpu_graph_clock,quality@record@quality_kb,quality@record@quality_prompt,quality@answer_correctness,trace@query@input_value_sum,trace@query@output_value_sum,trace@retrieve@documents_contents_sum,trace@retrieve@documents_scores_top3mean,trace@reranking@output_documents_contents_sum,trace@reranking@output_documents_scores_top3mean
4764,4.3070619106292725,0.0730922222137451,0.0483510494232177,0.3762569427490234,3.8306939601898193,3.741029977798462,0.0198907852172851,3.1914141178131104,42.0,2425.0,2467.0,10.0,2,1024,2,3.0,8.0,1.0,256,1.0,0.2,1.0,20,1,2,0,1,4,1,0,1,4,1,1,1,1,1,1,1,0.0,47007264768.0,134785609728.0,41.2,2960056992256.0,4262255203328.0,50426336.0,167607996.0,24.4,1811824640.0,47464366080.0,1.3442270607791869,569053184.0,970752.0,20068.0,901.0,0.0,2299.1875,46068.0,1626.0,35.0,61.441,0.0,1005.0,0.0,3617.1875,46068.0,2944.0,34.0,74.113,0.0,1005.0,83.9,5951827968.0,68678492160.0,4.415774042949322,334479360.0,346857472.0,13530.0,1336653.0,40.0,41229.1875,46068.0,40548.0,40.0,122.677,40.0,1005.0,0,1,0.2209509580668257,8,27,5661,0.7937960666666667,1155,0.9988147219022115
4766,3.310703992843628,0.073185920715332,0.0475540161132812,0.3812479972839355,2.8225221633911133,2.727696895599365,0.0222468376159667,2.020608901977539,26.0,3165.0,3191.0,10.0,2,1024,2,3.0,8.0,1.0,256,1.0,0.2,1.0,20,1,2,0,1,4,1,0,1,4,1,1,1,1,1,1,1,0.0,47099052032.0,134785609728.0,41.3,2960057020928.0,4262256854016.0,50426342.0,167608175.0,12.4,1812348928.0,47464366080.0,1.3446160399892508,569053184.0,1093632.0,20077.0,990.0,0.0,2299.1875,46068.0,1626.0,35.0,61.642,0.0,1005.0,0.0,3617.1875,46068.0,2944.0,34.0,61.335,0.0,1005.0,93.1,5951827968.0,68678492160.0,4.415774042949322,334479360.0,358965248.0,13583.0,1384262.0,37.0,41229.1875,46068.0,40548.0,40.0,108.981,37.0,1005.0,0,1,0.5128693909716281,8,18,5470,0.6474032799999999,1509,0.9971590638160706
4767,3.711108922958374,0.0739810466766357,0.0477890968322753,0.3808310031890869,3.2301950454711914,3.156568050384521,0.0211284160614013,2.532421827316284,34.0,2752.0,2786.0,10.0,2,1024,2,3.0,8.0,1.0,256,1.0,0.2,1.0,20,1,2,0,1,4,1,0,1,4,1,1,1,1,1,1,1,0.0,47067353088.0,134785609728.0,41.3,2960057041408.0,4262262367232.0,50426347.0,167608338.0,25.0,1814970368.0,47465414656.0,1.3465609360395712,569053184.0,1310720.0,20097.0,1168.0,0.0,2299.1875,46068.0,1626.0,35.0,61.842,0.0,1005.0,0.0,3617.1875,46068.0,2944.0,34.0,105.168,0.0,1005.0,82.3,5951827968.0,68678492160.0,4.415774042949322,334479360.0,369438720.0,13628.0,1425227.0,100.0,41229.1875,46068.0,40548.0,42.0,122.03,100.0,1005.0,0,1,0.2291666666666666,9,25,4912,0.6136939666666666,1430,0.2693173308313514
4769,3.379309892654419,0.0724079608917236,0.0478301048278808,0.3781249523162842,2.902683019638061,2.809238910675049,0.0217871665954589,2.136348962783813,29.0,3002.0,3031.0,10.0,2,1024,2,3.0,8.0,1.0,256,1.0,0.2,1.0,20,1,2,0,1,4,1,0,1,4,1,1,1,1,1,1,1,0.0,47054577664.0,134785609728.0,41.3,2960057049600.0,4262277460992.0,50426349.0,167608566.0,13.6,1814970368.0,47465414656.0,1.3465609360395712,569053184.0,1441792.0,20106.0,1257.0,0.0,2299.1875,46068.0,1626.0,35.0,61.625,0.0,1005.0,0.0,3617.1875,46068.0,2944.0,34.0,61.455,0.0,1005.0,93.1,5951827968.0,68678492160.0,4.415774042949322,334479360.0,381542400.0,13681.0,1472782.0,42.0,41229.1875,46068.0,40548.0,41.0,107.13,42.0,1005.0,0,1,0.2002448856490742,7,21,5292,0.7531321766666667,1349,0.9970669945081075
4770,4.372956037521362,0.0737719535827636,0.0474910736083984,0.3813798427581787,3.889938116073608,3.793643951416016,0.0225429534912109,3.042320966720581,39.0,3373.0,3412.0,10.0,2,1024,2,3.0,8.0,1.0,256,1.0,0.2,1.0,20,1,2,0,1,4,1,0,1,4,1,1,1,1,1,1,1,0.0,47070892032.0,134785609728.0,41.3,2960057065984.0,4262314312704.0,50426353.0,167608967.0,21.0,1811664896.0,47465283584.0,1.3441085436761204,569053184.0,1675264.0,20124.0,1435.0,0.0,2299.1875,46068.0,1626.0,35.0,63.138,0.0,1005.0,0.0,3617.1875,46068.0,2944.0,34.0,73.643,0.0,1005.0,85.5,5951827968.0,68678492160.0,4.415774042949322,334479360.0,392327168.0,13727.0,1514966.0,34.0,41229.1875,46068.0,40548.0,42.0,151.225,44.0,1005.0,0,1,0.1704783878697557,8,28,6825,0.7414601333333333,2019,0.9970691998799642
4771,3.4128150939941406,0.0746490955352783,0.0485799312591552,0.3796620368957519,2.9298129081726074,2.8362951278686523,0.0211057662963867,2.164139986038208,28.0,2957.0,2985.0,10.0,2,1024,2,3.0,8.0,1.0,256,1.0,0.2,1.0,20,1,2,0,1,4,1,0,1,4,1,1,1,0,1,1,1,0.0,47039107072.0,134785609728.0,41.3,2960057078272.0,4262314890240.0,50426356.0,167609026.0,12.2,1811664896.0,47465283584.0,1.3441085436761204,569053184.0,1781760.0,20133.0,1524.0,0.0,2299.1875,46068.0,1626.0,35.0,61.618,0.0,1005.0,0.0,3617.1875,46068.0,2944.0,34.0,73.373,0.0,1005.0,93.1,5951827968.0,68678492160.0,4.415774042949322,334479360.0,404336640.0,13780.0,1562187.0,42.0,41229.1875,46068.0,40548.0,42.0,102.102,42.0,1005.0,0,1,0.1667572070285373,14,20,5547,0.76441243,1495,0.6685655871406198
4773,3.8690690994262695,0.0751528739929199,0.0481429100036621,0.3812310695648193,3.37902307510376,3.2822420597076416,0.0218422412872314,2.5750937461853027,33.0,3163.0,3196.0,10.0,2,1024,2,3.0,8.0,1.0,256,1.0,0.2,1.0,20,1,2,0,1,4,1,0,1,4,1,1,1,1,1,1,1,0.0,47033970688.0,134785609728.0,41.3,2960057082368.0,4262320493568.0,50426357.0,167609193.0,24.8,1812189184.0,47465283584.0,1.3444975228861844,569053184.0,2011136.0,20153.0,1702.0,0.0,2299.1875,46068.0,1626.0,35.0,65.241,0.0,1005.0,100.0,3617.1875,46068.0,2944.0,36.0,132.479,100.0,1005.0,82.6,5951827968.0,68678492160.0,4.415774042949322,334479360.0,416088064.0,13830.0,1608182.0,0.0,41229.1875,46068.0,40548.0,41.0,79.421,0.0,1005.0,0,1,0.1837018111070019,14,23,5542,0.6745795166666667,1734,0.6684332991329333
4775,2.8918371200561523,0.0784249305725097,0.0507590770721435,0.3812298774719238,2.3978111743927,2.2839059829711914,0.0209238529205322,1.4685301780700684,19.0,3649.0,3668.0,10.0,2,1024,2,3.0,8.0,1.0,256,1.0,0.2,1.0,20,1,2,0,1,4,1,0,1,4,1,1,1,1,1,1,1,0.0,47021649920.0,134785609728.0,41.3,2960057086464.0,4262321124352.0,50426358.0,167609272.0,12.8,1812189184.0,47465283584.0,1.3444975228861844,569053184.0,2146304.0,20163.0,1791.0,0.0,2299.1875,46068.0,1626.0,35.0,63.256,0.0,1005.0,0.0,3617.1875,46068.0,2944.0,34.0,74.933,0.0,1005.0,92.7,5951827968.0,68913373184.0,4.415774042949322,334479360.0,426024960.0,13874.0,1647185.0,39.0,41437.1875,46068.0,40756.0,42.0,153.659,45.0,1005.0,0,1,0.175,9,13,6666,0.8015229,2318,0.9882291952768961
4776,2.9976768493652344,0.0769810676574707,0.0496180057525634,0.3829789161682129,2.4980170726776123,2.3973710536956787,0.0218329429626464,1.6938092708587646,22.0,3094.0,3116.0,10.0,2,1024,2,3.0,8.0,1.0,256,1.0,0.2,1.0,20,1,2,0,1,4,1,0,1,4,1,1,1,0,1,1,1,0.0,47009517568.0,134785609728.0,41.2,2960057106944.0,4262346273792.0,50426363.0,167609710.0,26.2,1812189184.0,47465283584.0,1.3444975228861844,569053184.0,2408448.0,20183.0,1969.0,0.0,2299.1875,46068.0,1626.0,35.0,63.542,0.0,1005.0,0.0,3617.1875,46068.0,2944.0,34.0,74.718,0.0,1005.0,81.7,5951827968.0,68913373184.0,4.415774042949322,334479360.0,435892224.0,13915.0,1685716.0,33.0,41437.1875,46068.0,40756.0,42.0,140.336,33.0,1005.0,0,1,0.1459578669352808,9,17,6256,0.82154527,1873,0.9796202381451925
4777,4.376534938812256,0.0735371112823486,0.0486290454864501,0.3778321743011474,3.899467945098877,3.802670955657959,0.0233809947967529,2.9838852882385254,38.0,3668.0,3706.0,10.0,2,1024,2,3.0,8.0,1.0,256,1.0,0.2,1.0,20,1,2,0,1,4,1,0,1,4,1,1,1,1,1,1,1,0.0,46978220032.0,134785609728.0,41.2,2960057111040.0,4262382433280.0,50426364.0,167610102.0,12.4,1812713472.0,47465283584.0,1.3448865020962484,569053184.0,2531328.0,20192.0,2058.0,0.0,2299.1875,46068.0,1626.0,35.0,61.569,0.0,1005.0,0.0,3617.1875,46068.0,2944.0,34.0,61.684,0.0,1005.0,93.5,5951827968.0,68913373184.0,4.415774042949322,334479360.0,447512576.0,13966.0,1731356.0,40.0,41437.1875,46068.0,40756.0,41.0,109.788,40.0,1005.0,0,1,0.2462719686934416,8,20,6023,0.7279212333333334,1978,0.9883052905400594
4778,4.1755969524383545,0.0772490501403808,0.0489630699157714,0.3771748542785644,3.6939620971679688,3.603662014007568,0.0199997425079345,3.042534828186035,40.0,2469.0,2509.0,10.0,2,1024,2,3.0,8.0,1.0,256,1.0,0.2,1.0,20,1,2,0,1,4,1,0,1,4,1,1,1,1,1,1,1,0.0,46978220032.0,134785609728.0,41.2,2960057111040.0,4262382433280.0,50426364.0,167610102.0,12.4,1812713472.0,47465283584.0,1.3448865020962484,569053184.0,2531328.0,20192.0,2058.0,0.0,2299.1875,46068.0,1626.0,35.0,61.569,0.0,1005.0,0.0,3617.1875,46068.0,2944.0,34.0,61.684,0.0,1005.0,93.5,5951827968.0,68913373184.0,4.415774042949322,334479360.0,447512576.0,13966.0,1731356.0,40.0,41437.1875,46068.0,40756.0,41.0,109.788,40.0,1005.0,0,1,0.1813064328597225,4,23,5378,0.7668671433333333,1148,0.9943227370580038
4782,5.109060049057007,0.0707919597625732,0.0450141429901123,0.3724398612976074,4.641606092453003,4.546713829040527,0.0220706462860107,3.871134042739868,51.0,3047.0,3098.0,10.0,2,1024,2,3.0,8.0,1.0,256,1.0,0.2,1.0,20,1,2,0,1,4,1,0,1,4,1,1,1,1,1,1,1,0.0,47034077184.0,134785609728.0,41.3,2960058675712.0,4262457013248.0,50426448.0,167611191.0,11.0,1812713472.0,47465283584.0,1.3448865020962484,569053184.0,3088384.0,20241.0,2505.0,0.0,2299.1875,46068.0,1626.0,35.0,63.231,0.0,1005.0,0.0,3617.1875,46068.0,2944.0,35.0,77.867,0.0,1005.0,93.4,5951827968.0,68913373184.0,4.415774042949322,334479360.0,496119808.0,14177.0,1922276.0,86.0,41437.1875,46068.0,40756.0,43.0,136.275,86.0,1005.0,0,1,0.2668898793870021,8,36,5548,0.6212946866666667,1606,0.7033717930316925
4784,2.632270097732544,0.0757169723510742,0.0474729537963867,0.3861069679260254,2.134833812713623,2.0404109954833984,0.0220019817352294,1.365445852279663,18.0,3054.0,3072.0,10.0,2,1024,2,3.0,8.0,1.0,256,1.0,0.2,1.0,20,1,2,0,1,4,1,0,1,4,1,1,1,1,1,1,1,0.0,47075966976.0,134785609728.0,41.3,2960058683904.0,4262462968832.0,50426450.0,167611424.0,13.4,1812467712.0,47465283584.0,1.344704168091531,569053184.0,3334144.0,20261.0,2685.0,0.0,2299.1875,46068.0,1626.0,35.0,63.23,0.0,1005.0,0.0,3617.1875,46068.0,2944.0,35.0,108.057,0.0,1005.0,92.7,5951827968.0,68913373184.0,4.415774042949322,334479360.0,522047488.0,14290.0,2024218.0,100.0,41437.1875,46068.0,40756.0,46.0,123.484,100.0,1005.0,0,1,0.1790851664107576,9,12,6553,0.5887361866666666,1662,0.6682607141944269
4786,4.410891056060791,0.0751569271087646,0.048962116241455,0.3836171627044678,3.925433874130249,3.833363056182861,0.0212564468383789,3.190598487854004,42.0,2908.0,2950.0,10.0,2,1024,2,3.0,8.0,1.0,256,1.0,0.2,1.0,20,1,2,0,1,4,1,0,1,4,1,1,1,1,1,1,1,0.0,47044345856.0,134785609728.0,41.3,2960058692096.0,4262468228096.0,50426452.0,167611534.0,26.6,1812467712.0,47465283584.0,1.344704168091531,569053184.0,3571712.0,20281.0,2863.0,0.0,2299.1875,46068.0,1626.0,35.0,61.665,0.0,1005.0,0.0,3617.1875,46068.0,2944.0,35.0,99.715,0.0,1005.0,82.1,5951827968.0,68913373184.0,4.415774042949322,334479360.0,532115456.0,14334.0,2063581.0,100.0,41437.1875,46068.0,40756.0,45.0,136.41,100.0,1005.0,0,1,0.1666666666666666,6,27,5847,0.61112248,1623,0.9912079771359762
4788,3.365669012069702,0.0720191001892089,0.0474929809570312,0.37530517578125,2.894979953765869,2.8024139404296875,0.033052921295166,2.117761611938477,33.0,2965.0,2998.0,10.0,2,1024,2,3.0,8.0,1.0,256,1.0,0.2,1.0,20,1,2,0,1,4,1,0,1,4,1,1,1,1,1,1,1,0.0,47483256832.0,134785609728.0,41.6,2960059560448.0,4262535365632.0,50426480.0,167612510.0,12.0,1812467712.0,47465283584.0,1.344704168091531,569053184.0,3792896.0,20301.0,3041.0,0.0,2299.1875,46068.0,1626.0,35.0,61.513,0.0,1005.0,0.0,3617.1875,46068.0,2944.0,34.0,61.811,0.0,1005.0,93.1,5951827968.0,68913373184.0,4.415774042949322,334479360.0,559808512.0,14455.0,2172490.0,52.0,41437.1875,46068.0,40756.0,43.0,112.925,52.0,1005.0,0,1,0.1095154254728516,11,24,6023,0.8383160799999999,1480,0.999836266040802
4789,5.232645988464356,0.056924819946289,0.0350301265716552,0.3761560916900635,4.775084018707275,4.706420183181763,0.0207970142364501,3.992192029953003,68.0,3239.0,3307.0,10.0,2,1024,2,3.0,8.0,1.0,256,1.0,0.2,1.0,20,1,2,0,1,4,1,0,1,4,1,1,1,1,1,1,1,0.0,51059433472.0,134785609728.0,44.2,2960060228096.0,4262536913920.0,50426562.0,167612633.0,12.2,1812467712.0,47465283584.0,1.344704168091531,569053184.0,3899392.0,20311.0,3130.0,0.0,2299.1875,46068.0,1626.0,35.0,61.569,0.0,1005.0,0.0,3617.1875,46068.0,2944.0,34.0,61.813,0.0,1005.0,92.6,5951827968.0,68913373184.0,4.415774042949322,334479360.0,575741952.0,14524.0,2235186.0,47.0,41437.1875,46068.0,40756.0,43.0,114.849,47.0,1005.0,0,1,0.0930610118873498,12,52,4791,0.7526879133333333,1398,0.9997013012568156
4792,4.099454879760742,0.0737478733062744,0.047415018081665,0.3763830661773681,3.621258020401001,3.562736988067627,0.0115163326263427,2.819743156433105,38.0,3421.0,3459.0,10.0,2,1024,2,3.0,8.0,1.0,256,1.0,0.2,1.0,20,1,2,0,1,4,1,0,1,4,1,1,1,0,1,1,1,0.0,47172141056.0,134785609728.0,41.4,2960060256768.0,4262580593664.0,50426569.0,167613554.0,0.0,1812992000.0,47465283584.0,1.345093147301595,569053184.0,4124672.0,20330.0,3308.0,0.0,2299.1875,46068.0,1626.0,35.0,61.521,0.0,1005.0,0.0,3617.1875,46068.0,2944.0,34.0,61.712,0.0,1005.0,104.1,5951827968.0,68913373184.0,4.415774042949322,334479360.0,601448448.0,14637.0,2336261.0,44.0,41437.1875,46068.0,40756.0,43.0,113.593,44.0,1005.0,0,1,0.2339784513698509,10,27,6043,0.7009181566666668,2085,0.7235684593518575
4793,4.16882586479187,0.0734689235687255,0.0471458435058593,0.3842589855194092,3.676326990127564,3.577888011932373,0.0226287841796875,2.8235905170440674,37.0,3430.0,3467.0,10.0,2,1024,2,3.0,8.0,1.0,256,1.0,0.2,1.0,20,1,2,0,1,4,1,0,1,4,1,1,1,1,1,1,1,0.0,47202955264.0,134785609728.0,41.4,2960060527104.0,4262585684992.0,50426588.0,167613620.0,17.8,1812992000.0,47465283584.0,1.345093147301595,569053184.0,4378624.0,20349.0,3488.0,0.0,2299.1875,46068.0,1626.0,35.0,62.187,0.0,1005.0,0.0,3617.1875,46068.0,2944.0,35.0,111.089,0.0,1005.0,87.9,5952876544.0,68914421760.0,4.41655200136945,334737408.0,612282368.0,14730.0,2378626.0,100.0,41437.1875,46068.0,40756.0,46.0,122.124,100.0,1005.0,0,1,0.1685460364338782,5,25,6498,0.5262027366666667,1978,0.9580722451210022
4794,3.474868059158325,0.0755250453948974,0.0475070476531982,0.385524034500122,2.98989486694336,2.891676902770996,0.0226783752441406,2.0609726905822754,32.0,3748.0,3780.0,10.0,2,1024,2,3.0,8.0,1.0,256,1.0,0.2,1.0,20,1,2,0,1,4,1,0,1,4,1,1,1,1,1,1,1,0.0,47214698496.0,134785609728.0,41.4,2960060535296.0,4262608630784.0,50426590.0,167613934.0,13.6,1813516288.0,47465283584.0,1.345482126511659,569053184.0,4517888.0,20359.0,3577.0,0.0,2299.1875,46068.0,1626.0,35.0,61.529,0.0,1005.0,0.0,3617.1875,46068.0,2944.0,35.0,74.01,0.0,1005.0,92.9,5952876544.0,68914421760.0,4.41655200136945,334737408.0,624865280.0,14785.0,2428054.0,51.0,41437.1875,46068.0,40756.0,44.0,150.483,51.0,1005.0,0,1,0.1227272727272727,10,25,6906,0.8027634166666666,2204,0.994085431098938
4795,4.837662935256958,0.0404090881347656,0.0196490287780761,0.3734269142150879,4.4003379344940186,4.291209936141968,0.0213263034820556,3.4611613750457764,44.0,3736.0,3780.0,10.0,2,1024,2,3.0,8.0,1.0,256,1.0,0.2,1.0,20,1,2,0,1,4,1,0,1,4,1,1,1,1,1,1,1,0.0,47244599296.0,134785609728.0,41.4,2960064340480.0,4262641595392.0,50426717.0,167614375.0,11.0,1814040576.0,47465283584.0,1.3458711057217232,569053184.0,4648960.0,20369.0,3666.0,0.0,2299.1875,46068.0,1626.0,35.0,61.578,0.0,1005.0,0.0,3617.1875,46068.0,2944.0,34.0,61.881,0.0,1005.0,94.1,5952876544.0,68914421760.0,4.41655200136945,334737408.0,637677568.0,14841.0,2478377.0,31.0,41437.1875,46068.0,40756.0,43.0,100.494,31.0,1005.0,0,1,0.154005619554129,9,32,6631,0.6174329833333334,2123,0.34102153219282627
4796,2.843029022216797,0.0428669452667236,0.0236110687255859,0.3766670227050781,2.3957979679107666,2.2970499992370605,0.0245506763458251,1.480278491973877,20.0,3589.0,3609.0,10.0,2,1024,2,3.0,8.0,1.0,256,1.0,0.2,1.0,20,1,2,0,1,4,1,0,1,4,1,1,1,0,1,1,1,0.0,47244599296.0,134785609728.0,41.4,2960064340480.0,4262641595392.0,50426717.0,167614375.0,11.0,1814040576.0,47465283584.0,1.3458711057217232,569053184.0,4648960.0,20369.0,3666.0,0.0,2299.1875,46068.0,1626.0,35.0,61.578,0.0,1005.0,0.0,3617.1875,46068.0,2944.0,34.0,61.881,0.0,1005.0,94.1,5952876544.0,68914421760.0,4.41655200136945,334737408.0,637677568.0,14841.0,2478377.0,31.0,41437.1875,46068.0,40756.0,43.0,100.494,31.0,1005.0,0,1,0.1534700655416561,9,15,6105,0.62442129,2106,0.33864053113696474
4797,3.1208949089050293,0.0736908912658691,0.0481719970703125,0.3793861865997314,2.6411890983581543,2.541627883911133,0.0220026969909667,1.841177225112915,25.0,3088.0,3113.0,10.0,2,1024,2,3.0,8.0,1.0,256,1.0,0.2,1.0,20,1,2,0,1,4,1,0,1,4,1,1,1,1,1,1,1,0.0,47219863552.0,134785609728.0,41.4,2960064344576.0,4262657094656.0,50426718.0,167614839.0,24.0,1813463040.0,47465283584.0,1.345442620810637,569053184.0,4894720.0,20389.0,3844.0,0.0,2299.1875,46068.0,1626.0,35.0,63.216,0.0,1005.0,0.0,3617.1875,46068.0,2944.0,35.0,73.328,0.0,1005.0,83.1,5952876544.0,68914421760.0,4.41655200136945,334737408.0,646828032.0,14879.0,2514069.0,47.0,41437.1875,46068.0,40756.0,44.0,148.569,47.0,1005.0,0,1,0.2450741858350553,6,16,5348,0.7090062466666667,1586,0.9996173977851868
4799,3.391638994216919,0.0735399723052978,0.0473830699920654,0.3863289356231689,2.8961799144744877,2.793771982192993,0.0231029987335205,1.9750983715057373,25.0,3664.0,3689.0,10.0,2,1024,2,3.0,8.0,1.0,256,1.0,0.2,1.0,20,1,2,0,1,4,1,0,1,4,1,1,1,1,1,1,1,0.0,47232188416.0,134785609728.0,41.4,2960064360960.0,4262695965696.0,50426722.0,167615603.0,13.4,1813463040.0,47465283584.0,1.345442620810637,569053184.0,5136384.0,20409.0,4024.0,0.0,2299.1875,46068.0,1626.0,35.0,61.617,0.0,1005.0,0.0,3617.1875,46068.0,2944.0,34.0,61.799,0.0,1005.0,92.7,5952876544.0,68914421760.0,4.41655200136945,334737408.0,703672320.0,15128.0,2737944.0,35.0,41437.1875,46068.0,40756.0,43.0,98.691,35.0,1005.0,0,1,0.1964285714285714,5,15,6782,0.7029594033333334,2169,0.35600724381705123
4800,3.1081111431121826,0.0731239318847656,0.0477008819580078,0.3806228637695312,2.6304659843444824,2.5285861492156982,0.0214095115661621,1.768873929977417,23.0,3435.0,3458.0,10.0,2,1024,2,3.0,8.0,1.0,256,1.0,0.2,1.0,20,1,2,0,1,4,1,0,1,4,1,1,1,1,1,1,1,0.0,47232188416.0,134785609728.0,41.4,2960064360960.0,4262695965696.0,50426722.0,167615603.0,13.4,1813463040.0,47465283584.0,1.345442620810637,569053184.0,5136384.0,20409.0,4024.0,0.0,2299.1875,46068.0,1626.0,35.0,61.617,0.0,1005.0,0.0,3617.1875,46068.0,2944.0,34.0,61.799,0.0,1005.0,92.7,5952876544.0,68914421760.0,4.41655200136945,334737408.0,703672320.0,15128.0,2737944.0,35.0,41437.1875,46068.0,40756.0,43.0,98.691,35.0,1005.0,0,1,0.1475704835795346,10,15,5316,0.68683279,1704,0.9986253380775452
4801,3.662816047668457,0.0377321243286132,0.0207431316375732,0.3662729263305664,3.2363429069519043,3.1510720252990723,0.0193405151367187,2.587242364883423,33.0,2460.0,2493.0,10.0,2,1024,2,3.0,8.0,1.0,256,1.0,0.2,1.0,20,1,2,0,1,4,1,0,1,4,1,1,1,0,1,1,1,0.0,47239041024.0,134785609728.0,41.4,2960064373248.0,4262740616192.0,50426725.0,167616092.0,22.2,1813463040.0,47465283584.0,1.345442620810637,569053184.0,5353472.0,20428.0,4202.0,0.0,2299.1875,46068.0,1626.0,35.0,63.432,0.0,1005.0,0.0,3617.1875,46068.0,2944.0,34.0,73.919,0.0,1005.0,84.1,5952876544.0,68914421760.0,4.41655200136945,334737408.0,714248192.0,15174.0,2779329.0,36.0,41437.1875,46068.0,40756.0,43.0,120.091,36.0,1005.0,0,1,0.1916383190435099,8,21,5505,0.72878309,1300,0.9776382048924764
4804,2.6492648124694824,0.0730550289154052,0.047098159790039,0.3735721111297607,2.173135995864868,2.0784480571746826,0.0216829776763916,1.4061412811279297,21.0,3006.0,3027.0,10.0,2,1024,2,3.0,8.0,1.0,256,1.0,0.2,1.0,20,1,2,0,1,4,1,0,1,4,1,1,1,0,1,1,1,0.0,47006924800.0,134785609728.0,41.2,2960064442880.0,4262746944512.0,50426731.0,167616330.0,12.8,1813463040.0,47465283584.0,1.345442620810637,569053184.0,5595136.0,20448.0,4382.0,0.0,2299.1875,46068.0,1626.0,35.0,61.529,0.0,1005.0,0.0,3617.1875,46068.0,2944.0,34.0,61.83,0.0,1005.0,93.1,5952876544.0,68914421760.0,4.41655200136945,334737408.0,739704832.0,15285.0,2879356.0,45.0,41437.1875,46068.0,40756.0,44.0,112.92,45.0,1005.0,0,1,0.2624076760515997,10,13,4868,0.7616555100000001,1598,0.9990150928497314
4805,2.9785730838775635,0.0735819339752197,0.0485320091247558,0.3746509552001953,2.504587888717652,2.409365177154541,0.022691011428833,1.6601788997650146,23.0,3418.0,3441.0,10.0,2,1024,2,3.0,8.0,1.0,256,1.0,0.2,1.0,20,1,2,0,1,4,1,0,1,4,1,1,1,1,1,1,1,0.0,47123361792.0,134785609728.0,41.3,2960064442880.0,4262747714560.0,50426731.0,167616447.0,23.2,1813463040.0,47465283584.0,1.345442620810637,569053184.0,5820416.0,20466.0,4560.0,0.0,2299.1875,46068.0,1626.0,35.0,61.519,0.0,1005.0,0.0,3617.1875,46068.0,2944.0,35.0,74.957,0.0,1005.0,82.4,5952876544.0,68914421760.0,4.41655200136945,334737408.0,749674496.0,15327.0,2918360.0,43.0,41437.1875,46068.0,40756.0,44.0,135.869,43.0,1005.0,0,1,0.2023809523809523,12,16,6163,0.6827799433333333,1937,0.7960045536359152
4806,3.138853073120117,0.0765140056610107,0.0479748249053955,0.3770589828491211,2.660972118377685,2.5633091926574707,0.0222289562225341,1.812433242797852,23.0,3388.0,3411.0,10.0,2,1024,2,3.0,8.0,1.0,256,1.0,0.2,1.0,20,1,2,0,1,4,1,0,1,4,1,1,1,0,1,1,1,0.0,47123361792.0,134785609728.0,41.3,2960064442880.0,4262747714560.0,50426731.0,167616447.0,23.2,1813463040.0,47465283584.0,1.345442620810637,569053184.0,5820416.0,20466.0,4560.0,0.0,2299.1875,46068.0,1626.0,35.0,61.519,0.0,1005.0,0.0,3617.1875,46068.0,2944.0,35.0,74.957,0.0,1005.0,82.4,5952876544.0,68914421760.0,4.41655200136945,334737408.0,749674496.0,15327.0,2918360.0,43.0,41437.1875,46068.0,40756.0,44.0,135.869,43.0,1005.0,0,1,0.2874574785652648,3,12,6254,0.7477679866666667,2064,0.9876472552617391
4807,3.2636280059814453,0.0375950336456298,0.0211598873138427,0.3704631328582763,2.831650972366333,2.7363319396972656,0.0222895145416259,2.028329610824585,26.0,3196.0,3222.0,10.0,2,1024,2,3.0,8.0,1.0,256,1.0,0.2,1.0,20,1,2,0,1,4,1,0,1,4,1,1,1,1,1,1,1,0.0,47126491136.0,134785609728.0,41.3,2960064557568.0,4262752912384.0,50426745.0,167616560.0,23.6,1813987328.0,47465283584.0,1.345831600020701,569053184.0,6074368.0,20486.0,4738.0,0.0,2299.1875,46068.0,1626.0,35.0,63.743,0.0,1005.0,0.0,3617.1875,46068.0,2944.0,35.0,74.737,0.0,1005.0,83.9,5952876544.0,68914421760.0,4.41655200136945,334737408.0,759975936.0,15371.0,2958625.0,33.0,41437.1875,46068.0,40756.0,45.0,138.125,33.0,1005.0,0,1,0.2222222222222222,7,19,6770,0.8279596866666666,2025,0.9953957001368204
4808,3.026628017425537,0.0724620819091796,0.0471618175506591,0.3695049285888672,2.55795693397522,2.4636659622192383,0.0230264663696289,1.6878430843353271,22.0,3458.0,3480.0,10.0,2,1024,2,3.0,8.0,1.0,256,1.0,0.2,1.0,20,1,2,0,1,4,1,0,1,4,1,1,1,1,1,1,1,0.0,47126491136.0,134785609728.0,41.3,2960064557568.0,4262752912384.0,50426745.0,167616560.0,23.6,1813987328.0,47465283584.0,1.345831600020701,569053184.0,6074368.0,20486.0,4738.0,0.0,2299.1875,46068.0,1626.0,35.0,63.743,0.0,1005.0,0.0,3617.1875,46068.0,2944.0,35.0,74.737,0.0,1005.0,83.9,5952876544.0,68914421760.0,4.41655200136945,334737408.0,759975936.0,15371.0,2958625.0,33.0,41437.1875,46068.0,40756.0,45.0,138.125,33.0,1005.0,0,1,0.2730392120612609,6,13,5649,0.78766215,1859,0.9998250404993693
4809,4.605504989624023,0.0784299373626709,0.0475060939788818,0.3848018646240234,4.108524799346924,4.0129101276397705,0.0236344337463378,3.2365739345550537,42.0,3568.0,3610.0,10.0,2,1024,2,3.0,8.0,1.0,256,1.0,0.2,1.0,20,1,2,0,1,4,1,0,1,4,1,1,1,0,1,1,1,0.0,47111929856.0,134785609728.0,41.3,2960064565760.0,4262781977600.0,50426747.0,167617026.0,22.2,1813643264.0,47465283584.0,1.3455763324140966,569053184.0,6262784.0,20506.0,4896.0,3.0,2299.1875,46068.0,1626.0,35.0,61.652,3.0,1005.0,2.0,3617.1875,46068.0,2944.0,38.0,90.834,2.0,1005.0,85.7,5952876544.0,68914421760.0,4.41655200136945,334737408.0,771149824.0,15418.0,3002465.0,0.0,41437.1875,46068.0,40756.0,42.0,92.769,0.0,1005.0,0,1,0.1886750490563072,9,27,6513,0.7278555333333333,1959,0.9997958143552145
4810,5.659420967102051,0.0724461078643798,0.0477340221405029,0.3849148750305176,5.170732975006104,5.075139999389648,0.023944616317749,4.243852138519287,54.0,3800.0,3854.0,10.0,2,1024,2,3.0,8.0,1.0,256,1.0,0.2,1.0,20,1,2,0,1,4,1,1,1,4,1,1,1,1,1,1,1,0.0,47132659712.0,134785609728.0,41.3,2960064565760.0,4262826243072.0,50426747.0,167617451.0,13.4,1814691840.0,47465283584.0,1.3463542908342243,569053184.0,6438912.0,20516.0,5005.0,0.0,2299.1875,46068.0,1626.0,35.0,63.111,0.0,1005.0,0.0,3617.1875,46068.0,2944.0,35.0,102.565,0.0,1005.0,92.5,5952876544.0,68914421760.0,4.41655200136945,334737408.0,781987840.0,15466.0,3044852.0,100.0,41437.1875,46068.0,40756.0,47.0,136.306,100.0,1005.0,0,1,0.1547091772053577,9,34,5704,0.7640814233333333,2008,0.9998706976572672
4811,3.125553846359253,0.0724499225616455,0.04801607131958,0.3842370510101318,2.6388418674468994,2.53750991821289,0.0234591960906982,1.7022099494934082,22.0,3783.0,3805.0,10.0,2,1024,2,3.0,8.0,1.0,256,1.0,0.2,1.0,20,1,2,0,1,4,1,0,1,4,1,1,1,1,1,1,1,0.0,47110242304.0,134785609728.0,41.3,2960064573952.0,4262827074560.0,50426749.0,167617560.0,12.8,1815216128.0,47465283584.0,1.3467432700442885,569053184.0,6553600.0,20525.0,5096.0,0.0,2299.1875,46068.0,1626.0,35.0,63.733,0.0,1005.0,100.0,3617.1875,46068.0,2944.0,36.0,93.614,100.0,1005.0,93.1,5952876544.0,68914421760.0,4.41655200136945,334737408.0,795066368.0,15523.0,3096255.0,0.0,41437.1875,46068.0,40756.0,44.0,79.309,0.0,1005.0,0,1,0.0,9,15,5624,0.7499477166666667,2018,0.996259073416392
4812,5.839366912841797,0.0403900146484375,0.020676851272583,0.3739440441131592,5.396646022796631,5.302402019500732,0.0228452682495117,4.602008581161499,60.0,3102.0,3162.0,10.0,2,1024,2,3.0,8.0,1.0,256,1.0,0.2,1.0,20,1,2,0,1,4,1,1,1,4,1,1,1,1,1,1,1,0.0,47140110336.0,134785609728.0,41.3,2960064578048.0,4262832210944.0,50426750.0,167617672.0,11.8,1815216128.0,47465283584.0,1.3467432700442885,569053184.0,6664192.0,20535.0,5185.0,0.0,2299.1875,46068.0,1626.0,35.0,61.497,0.0,1005.0,0.0,3617.1875,46068.0,2944.0,35.0,61.919,0.0,1005.0,93.9,5952876544.0,68914421760.0,4.41655200136945,334737408.0,806187008.0,15572.0,3139959.0,46.0,41437.1875,46068.0,40756.0,44.0,105.771,46.0,1005.0,0,1,0.1713064328597225,9,35,6177,0.7965994666666667,1535,0.9994366566340128
4814,4.484072923660278,0.0754241943359375,0.0505800247192382,0.3785820007324219,4.00265383720398,3.9080331325531006,0.0226626396179199,3.205330371856689,44.0,3198.0,3242.0,10.0,2,1024,2,3.0,8.0,1.0,256,1.0,0.2,1.0,20,1,2,0,1,4,1,0,1,4,1,1,1,1,1,1,1,0.0,47091908608.0,134785609728.0,41.3,2960065315328.0,4262838297600.0,50426789.0,167617890.0,12.8,1815216128.0,47465283584.0,1.3467432700442885,569053184.0,6893568.0,20554.0,5365.0,0.0,2299.1875,46068.0,1626.0,35.0,61.52,0.0,1005.0,0.0,3617.1875,46068.0,2944.0,34.0,61.828,0.0,1005.0,92.9,5952876544.0,68914421760.0,4.41655200136945,334737408.0,832565248.0,15686.0,3243685.0,39.0,41437.1875,46068.0,40756.0,44.0,106.39,39.0,1005.0,0,1,0.1017842142314822,9,26,5828,0.7387283266666667,1768,0.9954676032066345
4815,3.5881569385528564,0.0759179592132568,0.0480899810791015,0.3823499679565429,3.1033310890197754,3.006235122680664,0.023745059967041,2.1744954586029053,31.0,3746.0,3777.0,10.0,2,1024,2,3.0,8.0,1.0,256,1.0,0.2,1.0,20,1,2,0,1,4,1,0,1,4,1,1,1,1,1,1,1,0.0,47091908608.0,134785609728.0,41.3,2960065315328.0,4262838297600.0,50426789.0,167617890.0,12.8,1815216128.0,47465283584.0,1.3467432700442885,569053184.0,6893568.0,20554.0,5365.0,0.0,2299.1875,46068.0,1626.0,35.0,61.52,0.0,1005.0,0.0,3617.1875,46068.0,2944.0,34.0,61.828,0.0,1005.0,92.9,5952876544.0,68914421760.0,4.41655200136945,334737408.0,832565248.0,15686.0,3243685.0,39.0,41437.1875,46068.0,40756.0,44.0,106.39,39.0,1005.0,0,1,0.1633883287589939,15,24,6279,0.7018585133333334,2077,0.9966259797414144
4816,5.416323184967041,0.0703918933868408,0.0479090213775634,0.3825349807739258,4.926775932312012,4.824102878570557,0.0238370895385742,4.104195833206177,54.0,3218.0,3272.0,10.0,2,1024,2,3.0,8.0,1.0,256,1.0,0.2,1.0,20,1,2,0,1,4,1,0,1,4,1,1,1,1,1,1,1,0.0,47092912128.0,134785609728.0,41.3,2960065327616.0,4262841562112.0,50426792.0,167618125.0,24.2,1815740416.0,47465283584.0,1.3471322492543527,569053184.0,7077888.0,20573.0,5523.0,3.0,2299.1875,46068.0,1626.0,35.0,64.027,0.0,1005.0,94.0,3617.1875,46068.0,2944.0,38.0,88.159,94.0,1005.0,83.5,5952876544.0,68914421760.0,4.41655200136945,334737408.0,844206080.0,15735.0,3289377.0,0.0,41437.1875,46068.0,40756.0,42.0,91.276,0.0,1005.0,0,1,0.1173837175920038,9,40,5764,0.7303005833333334,1668,0.9997813900311788
4817,5.147960901260376,0.0688009262084961,0.0475468635559082,0.3783090114593506,4.672317981719971,4.572174072265625,0.022834300994873,3.769057512283325,49.0,3711.0,3760.0,10.0,2,1024,2,3.0,8.0,1.0,256,1.0,0.2,1.0,20,1,2,0,1,4,1,0,1,4,1,1,1,1,1,1,1,0.0,47123124224.0,134785609728.0,41.3,2960065335808.0,4262916961280.0,50426794.0,167618804.0,12.0,1815740416.0,47465283584.0,1.3471322492543527,569053184.0,7188480.0,20583.0,5612.0,0.0,2299.1875,46068.0,1626.0,35.0,62.685,0.0,1005.0,85.0,3617.1875,46068.0,2944.0,39.0,91.928,85.0,1005.0,93.9,5952876544.0,68914421760.0,4.41655200136945,334737408.0,857309184.0,15792.0,3340874.0,0.0,41437.1875,46068.0,40756.0,42.0,85.907,0.0,1005.0,0,1,0.1862940966753549,9,29,6094,0.7464876333333335,2080,0.9999272425969442
4818,5.73553204536438,0.076099157333374,0.0492029190063476,0.3843040466308594,5.236467123031616,5.140960931777954,0.0224828720092773,4.309528112411499,55.0,3732.0,3787.0,10.0,2,1024,2,3.0,8.0,1.0,256,1.0,0.2,1.0,20,1,2,0,1,4,1,1,1,4,1,1,1,1,1,1,1,0.0,47073800192.0,134785609728.0,41.3,2960065335808.0,4262917751808.0,50426794.0,167618889.0,13.2,1815740416.0,47465283584.0,1.3471322492543527,569053184.0,7307264.0,20592.0,5701.0,0.0,2299.1875,46068.0,1626.0,35.0,61.978,0.0,1005.0,92.0,3617.1875,46068.0,2944.0,38.0,123.956,92.0,1005.0,93.8,5952876544.0,68914421760.0,4.41655200136945,334737408.0,869257216.0,15844.0,3387828.0,0.0,41437.1875,46068.0,40756.0,42.0,92.775,0.0,1005.0,0,1,0.1475176845892752,7,36,6050,0.6956941866666666,1988,0.9862416783968607
4819,7.964632987976074,0.0773499011993408,0.048022985458374,0.3784780502319336,7.479671955108643,7.381386995315552,0.023921251296997,6.543515920639038,85.0,3811.0,3896.0,10.0,2,1024,2,3.0,8.0,1.0,256,1.0,0.2,1.0,20,1,2,0,1,4,1,1,1,4,1,1,1,1,1,1,1,0.0,47062945792.0,134785609728.0,41.3,2960065335808.0,4262923453440.0,50426794.0,167619054.0,5.300000000000001,1815740416.0,47465283584.0,1.3471322492543527,569053184.0,7452672.0,20601.0,5802.0,0.0,2299.1875,46068.0,1626.0,35.0,62.388000000000005,0.0,1005.0,0.0,3617.1875,46068.0,2944.0,35.0,68.25,0.0,1005.0,99.7,5952876544.0,69031862272.0,4.41655200136945,334737408.0,888543232.0,15928.5,3463648.0,23.5,41542.1875,46068.0,40861.0,43.0,101.6285,23.5,1005.0,0,1,0.1375031869728493,7,58,6162,0.7015029666666667,1981,0.9959867596626282
4821,6.086965084075928,0.0725240707397461,0.0490360260009765,0.3798880577087402,5.605499982833862,5.509036064147949,0.0223231315612792,4.807154178619385,64.0,3076.0,3140.0,10.0,2,1024,2,3.0,8.0,1.0,256,1.0,0.2,1.0,20,1,2,0,1,4,1,1,1,4,1,1,1,2,1,1,1,0.0,47103668224.0,134785609728.0,41.3,2960065344000.0,4262994158592.0,50426796.0,167619982.0,12.4,1815740416.0,47465283584.0,1.3471322492543527,569053184.0,7712768.0,20619.0,5994.0,0.0,2299.1875,46068.0,1626.0,35.0,61.695,0.0,1005.0,0.0,3617.1875,46068.0,2944.0,35.0,69.988,0.0,1005.0,93.5,5952876544.0,69149302784.0,4.41655200136945,334737408.0,920014848.0,16067.0,3587333.0,54.0,41647.1875,46068.0,40966.0,44.0,113.57,54.0,1005.0,0,1,0.1547078669352808,8,37,5724,0.7635976133333333,1479,0.9996722539265951
4822,3.0694239139556885,0.0727741718292236,0.0471060276031494,0.383411169052124,2.58359694480896,2.489100933074951,0.0225517749786376,1.7712059020996094,23.0,3225.0,3248.0,10.0,2,1024,2,3.0,8.0,1.0,256,1.0,0.2,1.0,20,1,2,0,1,4,1,0,1,4,1,1,1,0,1,1,1,0.0,47088001024.0,134785609728.0,41.3,2960065344000.0,4263000032256.0,50426796.0,167620203.0,13.6,1813532672.0,47465283584.0,1.3454942821119735,569053184.0,7823360.0,20629.0,6085.0,0.0,2299.1875,46068.0,1626.0,35.0,61.948,0.0,1005.0,0.0,3617.1875,46068.0,2944.0,35.0,73.791,0.0,1005.0,93.3,5952876544.0,69149302784.0,4.41655200136945,334737408.0,933253120.0,16124.0,3639409.0,41.0,41647.1875,46068.0,40966.0,44.0,158.906,41.0,1005.0,0,1,0.0,9,14,6281,0.75610608,1633,0.9953280091285706
4823,6.944974899291992,0.0786399841308593,0.0483698844909668,0.3800890445709228,6.459809064865112,6.3757970333099365,0.0175187587738037,5.754680871963501,74.0,2732.0,2806.0,10.0,2,1024,2,3.0,8.0,1.0,256,1.0,0.2,1.0,20,1,2,0,1,4,1,1,1,4,1,1,1,2,1,1,1,0.0,47042945024.0,134785609728.0,41.3,2960065348096.0,4263032435712.0,50426797.0,167620683.0,12.2,1813532672.0,47465283584.0,1.3454942821119735,569053184.0,7925760.0,20639.0,6174.0,0.0,2299.1875,46068.0,1626.0,35.0,61.618,0.0,1005.0,0.0,3617.1875,46068.0,2944.0,34.0,61.666,0.0,1005.0,93.5,5952876544.0,69149302784.0,4.41655200136945,334737408.0,945885184.0,16179.0,3689050.0,32.0,41647.1875,46068.0,40966.0,44.0,105.649,32.0,1005.0,0,1,0.1734706571313674,9,50,4968,0.6832038733333334,1370,0.9952501257260641
4824,7.112950086593628,0.0726668834686279,0.0466201305389404,0.3745200634002685,6.638178110122681,6.572750091552734,0.0206274986267089,5.898682355880737,75.0,3013.0,3088.0,10.0,2,1024,2,3.0,8.0,1.0,256,1.0,0.2,1.0,20,1,2,0,1,4,1,1,1,4,1,1,1,1,1,1,1,0.0,47051620352.0,134785609728.0,41.3,2960065348096.0,4263038006272.0,50426797.0,167620845.0,11.8,1813532672.0,47465283584.0,1.3454942821119735,569053184.0,8028160.0,20648.0,6265.0,0.0,2299.1875,46068.0,1626.0,35.0,61.432,0.0,1005.0,0.0,3617.1875,46068.0,2944.0,34.0,74.07,0.0,1005.0,93.1,5952876544.0,69149302784.0,4.41655200136945,334737408.0,958898176.0,16236.0,3740255.0,34.0,41647.1875,46068.0,40966.0,44.0,100.626,34.0,1005.0,0,1,0.1176585092089033,10,49,5429,0.7002068566666666,1492,0.9999237457911173
4825,2.711052894592285,0.0740199089050293,0.0494539737701416,0.3789300918579101,2.230685949325561,2.1299920082092285,0.0202584266662597,1.459306240081787,19.0,2945.0,2964.0,10.0,2,1024,2,3.0,8.0,1.0,256,1.0,0.2,1.0,20,1,2,0,1,4,1,0,1,4,1,1,1,0,1,1,1,0.0,47046897664.0,134785609728.0,41.3,2960065352192.0,4263038833664.0,50426798.0,167620936.0,8.8,1814581248.0,47465283584.0,1.3462722405321017,569053184.0,8093696.0,20658.0,6336.0,3.0,2299.1875,46068.0,1626.0,35.0,62.269,3.0,1005.0,40.0,3617.1875,46068.0,2944.0,37.0,86.247,40.0,1005.0,97.3,5952876544.0,69149302784.0,4.41655200136945,334737408.0,973148160.0,16297.0,3796442.0,0.0,41647.1875,46068.0,40966.0,42.0,93.279,0.0,1005.0,0,1,0.2429271565710802,14,15,5381,0.7435423533333333,1780,0.9973894556363424
4826,2.469882011413574,0.0428590774536132,0.0240890979766845,0.3771431446075439,2.0206968784332275,1.9215779304504397,0.0214838981628417,1.1967592239379885,16.0,3236.0,3252.0,10.0,2,1024,2,3.0,8.0,1.0,256,1.0,0.2,1.0,20,1,2,0,1,4,1,0,1,4,1,1,1,1,1,1,1,0.0,47046897664.0,134785609728.0,41.3,2960065352192.0,4263038833664.0,50426798.0,167620936.0,8.8,1814581248.0,47465283584.0,1.3462722405321017,569053184.0,8093696.0,20658.0,6336.0,3.0,2299.1875,46068.0,1626.0,35.0,62.269,3.0,1005.0,40.0,3617.1875,46068.0,2944.0,37.0,86.247,40.0,1005.0,97.3,5952876544.0,69149302784.0,4.41655200136945,334737408.0,973148160.0,16297.0,3796442.0,0.0,41647.1875,46068.0,40966.0,42.0,93.279,0.0,1005.0,0,1,0.2222222222222222,6,9,6335,0.6805545900000002,1823,0.7389523983001709
4827,2.6476938724517822,0.0709590911865234,0.0492899417877197,0.3756599426269531,2.174755096435547,2.074031114578247,0.0215084552764892,1.3249316215515137,18.0,3411.0,3429.0,10.0,2,1024,2,3.0,8.0,1.0,256,1.0,0.2,1.0,20,1,2,0,1,4,1,0,1,4,1,1,1,0,1,1,1,0.0,47060221952.0,134785609728.0,41.3,2960065352192.0,4263044056064.0,50426798.0,167621075.0,24.8,1814581248.0,47465283584.0,1.3462722405321017,569053184.0,8380416.0,20677.0,6534.0,0.0,2299.1875,46068.0,1626.0,35.0,62.339,0.0,1005.0,100.0,3617.1875,46068.0,2944.0,37.0,91.75,100.0,1005.0,83.3,5952876544.0,69149302784.0,4.41655200136945,334737408.0,983089152.0,16341.0,3835151.0,0.0,41647.1875,46068.0,40966.0,42.0,85.595,0.0,1005.0,0,1,0.2666666666666666,8,10,6059,0.6135311366666666,1865,0.9956506888071696
4828,3.0434579849243164,0.0767610073089599,0.0506660938262939,0.3777570724487304,2.5608088970184326,2.4644250869750977,0.0225870609283447,1.6887202262878418,22.0,3487.0,3509.0,10.0,2,1024,2,3.0,8.0,1.0,256,1.0,0.2,1.0,20,1,2,0,1,4,1,0,1,4,1,1,1,1,1,1,1,0.0,47055536128.0,134785609728.0,41.3,2960065352192.0,4263076094976.0,50426798.0,167621492.0,24.8,1814581248.0,47465283584.0,1.3462722405321017,569053184.0,8380416.0,20677.0,6534.0,0.0,2299.1875,46068.0,1626.0,35.0,62.339,0.0,1005.0,100.0,3617.1875,46068.0,2944.0,37.0,91.75,100.0,1005.0,83.3,5952876544.0,69149302784.0,4.41655200136945,334737408.0,983089152.0,16341.0,3835151.0,0.0,41647.1875,46068.0,40966.0,42.0,85.595,0.0,1005.0,0,1,0.323525564040964,8,14,6247,0.7330524,1940,0.7848268349965414
4829,3.412317991256714,0.0739099979400634,0.0489671230316162,0.3765969276428222,2.942996025085449,2.8938229084014893,0.0106723308563232,2.228829860687256,30.0,3054.0,3084.0,10.0,2,1024,2,3.0,8.0,1.0,256,1.0,0.2,1.0,20,1,2,0,1,4,1,0,1,4,1,1,1,1,1,1,1,0.0,47055536128.0,134785609728.0,41.3,2960065352192.0,4263076094976.0,50426798.0,167621492.0,13.2,1814581248.0,47465283584.0,1.3462722405321017,569053184.0,8507392.0,20689.0,6645.0,0.0,2299.1875,46068.0,1626.0,35.0,61.561,0.0,1005.0,0.0,3617.1875,46068.0,2944.0,34.0,61.805,0.0,1005.0,92.5,5952876544.0,69149302784.0,4.41655200136945,334737408.0,993439744.0,16384.0,3875755.0,45.0,41647.1875,46068.0,40966.0,43.0,110.506,45.0,1005.0,0,1,0.1621559137333607,6,20,6087,0.8076752533333332,1570,0.9978852073351542
4830,3.675017833709717,0.0348899364471435,0.0187280178070068,0.3718671798706054,3.243820905685425,3.15262508392334,0.0232293605804443,2.351466178894043,40.0,3640.0,3680.0,10.0,2,1024,2,3.0,8.0,1.0,256,1.0,0.2,1.0,20,1,2,0,1,4,1,0,1,4,1,1,1,0,1,1,1,0.0,46999404544.0,134785609728.0,41.2,2960065839616.0,4263115424768.0,50426804.0,167622152.0,11.2,1815105536.0,47465283584.0,1.346661219742166,569053184.0,8761344.0,20705.0,6801.0,0.0,2299.1875,46068.0,1626.0,35.0,61.527,0.0,1005.0,0.0,3617.1875,46068.0,2944.0,35.0,74.807,0.0,1005.0,93.9,5952876544.0,69149302784.0,4.41655200136945,334737408.0,1003769856.0,16430.0,3916115.0,43.0,41647.1875,46068.0,40966.0,44.0,138.522,43.0,1005.0,0,1,0.1627144127144762,4,29,6716,0.7176637499999999,2105,0.9987172484397888
4831,3.623913049697876,0.0726881027221679,0.047800064086914,0.3824241161346435,3.140300989151001,3.0481059551239014,0.0172851085662841,2.392246723175049,37.0,2990.0,3027.0,10.0,2,1024,2,3.0,8.0,1.0,256,1.0,0.2,1.0,20,1,2,0,1,4,1,0,1,4,1,1,1,1,1,1,1,0.0,47014998016.0,134785609728.0,41.2,2960066441728.0,4263116514304.0,50426838.0,167622303.0,13.2,1815105536.0,47465283584.0,1.346661219742166,569053184.0,8871936.0,20715.0,6890.0,0.0,2299.1875,46068.0,1626.0,35.0,61.521,0.0,1005.0,0.0,3617.1875,46068.0,2944.0,35.0,61.889,0.0,1005.0,93.7,5952876544.0,69149302784.0,4.41655200136945,334737408.0,1019559936.0,16499.0,3978233.0,44.0,41647.1875,46068.0,40966.0,43.0,106.475,44.0,1005.0,0,1,0.2498546277733469,7,23,5445,0.6373011833333334,1514,0.6653349865227938
4832,2.363661050796509,0.038125991821289,0.0207359790802001,0.3741540908813476,1.9325718879699707,1.8538269996643064,0.0216903686523437,1.210550308227539,18.0,2921.0,2939.0,10.0,2,1024,2,3.0,8.0,1.0,256,1.0,0.2,1.0,20,1,2,0,1,4,1,0,1,4,1,1,1,0,1,1,1,0.0,47014998016.0,134785609728.0,41.2,2960066441728.0,4263116514304.0,50426838.0,167622303.0,13.2,1815105536.0,47465283584.0,1.346661219742166,569053184.0,8871936.0,20715.0,6890.0,0.0,2299.1875,46068.0,1626.0,35.0,61.521,0.0,1005.0,0.0,3617.1875,46068.0,2944.0,35.0,61.889,0.0,1005.0,93.7,5952876544.0,69149302784.0,4.41655200136945,334737408.0,1019559936.0,16499.0,3978233.0,44.0,41647.1875,46068.0,40966.0,43.0,106.475,44.0,1005.0,0,1,0.2429271565710802,7,15,6388,0.7826436666666666,1576,0.9963299433390299
4834,5.029942989349365,0.0739309787750244,0.048379898071289,0.3868670463562011,4.537815093994141,4.4425249099731445,0.0221905708312988,3.728074550628662,64.0,3246.0,3310.0,10.0,2,1024,2,3.0,8.0,1.0,256,1.0,0.2,1.0,20,1,2,0,1,4,1,0,1,4,1,1,1,1,1,1,1,0.0,46996209664.0,134785609728.0,41.2,2960066449920.0,4263122473984.0,50426840.0,167622500.0,13.8,1815629824.0,47465283584.0,1.34705019895223,569053184.0,9236480.0,20745.0,7157.0,0.0,2299.1875,46068.0,1626.0,35.0,61.569,0.0,1005.0,0.0,3617.1875,46068.0,2944.0,34.0,61.764,0.0,1005.0,93.5,5952876544.0,69149302784.0,4.41655200136945,334737408.0,1047363584.0,16620.0,4087387.0,45.0,41647.1875,46068.0,40966.0,44.0,107.621,45.0,1005.0,0,1,0.0625,12,45,7312,0.8139437666666667,2214,0.9983587662378947
4835,6.430703163146973,0.0756487846374511,0.0495829582214355,0.3860747814178467,5.93467116355896,5.832155227661133,0.0210554599761962,5.076769590377808,69.0,3436.0,3505.0,10.0,2,1024,2,3.0,8.0,1.0,256,1.0,0.2,1.0,20,1,2,0,1,4,1,1,1,4,1,1,1,1,1,1,1,0.0,46996791296.0,134785609728.0,41.2,2960066777600.0,4263127847936.0,50426844.0,167622656.0,13.6,1813958656.0,47465283584.0,1.3458103277201503,569053184.0,9359360.0,20755.0,7246.0,0.0,2299.1875,46068.0,1626.0,35.0,61.569,0.0,1005.0,0.0,3617.1875,46068.0,2944.0,34.0,61.803,0.0,1005.0,92.7,5952876544.0,69149302784.0,4.41655200136945,334737408.0,1060900864.0,16680.0,4140602.0,35.0,41647.1875,46068.0,40966.0,44.0,107.0,35.0,1005.0,0,1,0.0561714472954815,14,61,7249,0.8331337833333334,2100,0.9781454205513
4837,3.8268849849700928,0.0725440979003906,0.0476050376892089,0.3764801025390625,3.3528709411621094,3.2646589279174805,0.0225546360015869,2.5575156211853027,33.0,3181.0,3214.0,10.0,2,1024,2,3.0,8.0,1.0,256,1.0,0.2,1.0,20,1,2,0,1,4,1,0,1,4,1,1,1,1,1,1,1,0.0,46983585792.0,134785609728.0,41.2,2960066789888.0,4263159976960.0,50426847.0,167623049.0,13.2,1814482944.0,47465283584.0,1.3461993069302145,569053184.0,9494528.0,20767.0,7351.0,0.0,2299.1875,46068.0,1626.0,35.0,61.52,0.0,1005.0,0.0,3617.1875,46068.0,2944.0,34.0,61.764,0.0,1005.0,92.7,5952876544.0,69149302784.0,4.41655200136945,334737408.0,1073901568.0,16734.0,4191664.0,34.0,41647.1875,46068.0,40966.0,44.0,111.813,34.0,1005.0,0,1,0.0,10,23,4932,0.7388336000000001,1194,0.9997580647468567
4838,2.7123968601226807,0.0710718631744384,0.047461986541748,0.3764131069183349,2.2398219108581543,2.1466009616851807,0.0218920707702636,1.4453635215759275,22.0,3178.0,3200.0,10.0,2,1024,2,3.0,8.0,1.0,256,1.0,0.2,1.0,20,1,2,0,1,4,1,0,1,4,1,1,1,0,1,1,1,0.0,46993031168.0,134785609728.0,41.2,2960066798080.0,4263213110272.0,50426849.0,167623579.0,12.0,1815531520.0,47465283584.0,1.346977265350343,569053184.0,9691136.0,20785.0,7515.0,0.0,2299.1875,46068.0,1626.0,35.0,63.228,0.0,1005.0,0.0,3617.1875,46068.0,2944.0,35.0,73.535,0.0,1005.0,92.7,5952876544.0,69149302784.0,4.41655200136945,334737408.0,1084035072.0,16779.0,4231335.0,45.0,41647.1875,46068.0,40966.0,45.0,151.625,45.0,1005.0,0,1,0.2877216367715109,10,17,4522,0.7481188466666667,1639,0.9997647603352865
4839,3.789552927017212,0.075167179107666,0.0504641532897949,0.3785979747772217,3.3080530166625977,3.215928077697754,0.0232367515563964,2.4133517742156982,41.0,3680.0,3721.0,10.0,2,1024,2,3.0,8.0,1.0,256,1.0,0.2,1.0,20,1,2,0,1,4,1,0,1,4,1,1,1,1,1,1,1,0.0,46993031168.0,134785609728.0,41.2,2960066798080.0,4263213110272.0,50426849.0,167623579.0,12.0,1815531520.0,47465283584.0,1.346977265350343,569053184.0,9691136.0,20785.0,7515.0,0.0,2299.1875,46068.0,1626.0,35.0,63.228,0.0,1005.0,0.0,3617.1875,46068.0,2944.0,35.0,73.535,0.0,1005.0,92.7,5952876544.0,69149302784.0,4.41655200136945,334737408.0,1084035072.0,16779.0,4231335.0,45.0,41647.1875,46068.0,40966.0,45.0,151.625,45.0,1005.0,0,1,0.15,12,29,6375,0.7944006166666666,2200,0.9968822002410889
4840,4.62824010848999,0.0741088390350341,0.0481131076812744,0.3834221363067627,4.1443030834198,4.081728935241699,0.0185222625732421,3.370314359664917,43.0,3248.0,3291.0,10.0,2,1024,2,3.0,8.0,1.0,256,1.0,0.2,1.0,20,1,2,0,1,4,1,0,1,4,1,1,1,1,1,1,1,0.0,47042396160.0,134785609728.0,41.3,2960066802176.0,4263213663232.0,50426850.0,167623651.0,22.0,1815531520.0,47465283584.0,1.346977265350343,569053184.0,9895936.0,20805.0,7673.0,3.0,2299.1875,46068.0,1626.0,35.0,64.351,3.0,1005.0,43.0,3617.1875,46068.0,2944.0,38.0,85.571,43.0,1005.0,87.1,5952876544.0,69149302784.0,4.41655200136945,334737408.0,1098145792.0,16839.0,4286778.0,0.0,41647.1875,46068.0,40966.0,43.0,107.144,0.0,1005.0,0,1,0.2027350042882939,5,27,6583,0.6134602833333334,1830,0.8968510429064432
4841,3.599599123001098,0.074733018875122,0.0472528934478759,0.3854238986968994,3.1014997959136963,3.005245923995972,0.0238592624664306,2.172219038009644,29.0,3764.0,3793.0,10.0,2,1024,2,3.0,8.0,1.0,256,1.0,0.2,1.0,20,1,2,0,1,4,1,0,1,4,1,1,1,1,1,1,1,0.0,47020163072.0,134785609728.0,41.3,2960066806272.0,4263219450880.0,50426851.0,167623792.0,13.2,1816055808.0,47465283584.0,1.3473662445604069,569053184.0,10067968.0,20815.0,7782.0,0.0,2299.1875,46068.0,1626.0,35.0,63.359,0.0,1005.0,0.0,3617.1875,46068.0,2944.0,35.0,109.496,0.0,1005.0,92.7,5952876544.0,69149302784.0,4.41655200136945,334737408.0,1109204992.0,16888.0,4330049.0,100.0,41647.1875,46068.0,40966.0,48.0,116.221,100.0,1005.0,0,1,0.2484216620655857,7,16,6496,0.7329970333333332,2015,0.9968390266100565
4842,2.9146652221679688,0.0744898319244384,0.0491039752960205,0.3832271099090576,2.4303500652313232,2.336865901947021,0.0210711956024169,1.695591926574707,22.0,2841.0,2863.0,10.0,2,1024,2,3.0,8.0,1.0,256,1.0,0.2,1.0,20,1,2,0,1,4,1,0,1,4,1,1,1,0,1,1,1,0.0,47015063552.0,134785609728.0,41.2,2960066806272.0,4263220270080.0,50426851.0,167623919.0,12.6,1816055808.0,47465283584.0,1.3473662445604069,569053184.0,10174464.0,20825.0,7871.0,0.0,2299.1875,46068.0,1626.0,35.0,61.521,0.0,1005.0,0.0,3617.1875,46068.0,2944.0,35.0,61.767,0.0,1005.0,93.1,5952876544.0,69149302784.0,4.41655200136945,334737408.0,1121034240.0,16940.0,4376574.0,44.0,41647.1875,46068.0,40966.0,44.0,104.878,44.0,1005.0,0,1,0.2425856836934699,9,14,5988,0.7582415433333334,1505,0.34393520715336007
4843,5.8479719161987305,0.0732820034027099,0.0481789112091064,0.383073091506958,5.361120939254761,5.278441905975342,0.0207700729370117,4.6522862911224365,61.0,2730.0,2791.0,10.0,2,1024,2,3.0,8.0,1.0,256,1.0,0.2,1.0,20,1,2,0,1,4,1,1,1,4,1,1,1,1,1,1,1,0.0,47053942784.0,134785609728.0,41.3,2960066806272.0,4263225885696.0,50426851.0,167624093.0,4.8,1816055808.0,47465283584.0,1.3473662445604069,569053184.0,10276864.0,20835.0,7960.0,0.0,2299.1875,46068.0,1626.0,35.0,61.521,0.0,1005.0,0.0,3617.1875,46068.0,2944.0,34.0,61.677,0.0,1005.0,98.5,5952876544.0,69149302784.0,4.41655200136945,334737408.0,1134514176.0,16999.0,4429613.0,46.0,41647.1875,46068.0,40966.0,44.0,109.466,46.0,1005.0,0,1,0.2318919595202051,6,40,5568,0.7223025,1451,0.9721166292826334
4845,2.9842629432678223,0.0749621391296386,0.0492479801177978,0.3780269622802734,2.5049479007720947,2.411412000656128,0.0219221115112304,1.7089786529541016,23.0,3086.0,3109.0,10.0,2,1024,2,3.0,8.0,1.0,256,1.0,0.2,1.0,20,1,2,0,1,4,1,0,1,4,1,1,1,0,1,1,1,0.0,47029710848.0,134785609728.0,41.3,2960066806272.0,4263307031552.0,50426851.0,167625014.0,12.4,1816055808.0,47465283584.0,1.3473662445604069,569053184.0,10506240.0,20855.0,8142.0,0.0,2299.1875,46068.0,1626.0,35.0,61.609,0.0,1005.0,0.0,3617.1875,46068.0,2944.0,35.0,73.344,0.0,1005.0,92.9,5952876544.0,69149302784.0,4.41655200136945,334737408.0,1160486912.0,17112.0,4531728.0,43.0,41647.1875,46068.0,40966.0,44.0,138.156,43.0,1005.0,0,1,0.2810472221550084,6,13,5574,0.7877333733333334,1656,0.99846883614858
4846,7.41656494140625,0.0722160339355468,0.0479679107666015,0.3804991245269775,6.939182996749878,6.845148086547852,0.021205186843872,6.205933570861816,81.0,2828.0,2909.0,10.0,2,1024,2,3.0,8.0,1.0,256,1.0,0.2,1.0,20,1,2,0,1,4,1,1,1,4,1,1,1,2,1,1,1,0.0,47004577792.0,134785609728.0,41.2,2960066810368.0,4263307883520.0,50426852.0,167625129.0,12.8,1816055808.0,47465283584.0,1.3473662445604069,569053184.0,10620928.0,20864.0,8231.0,0.0,2299.1875,46068.0,1626.0,35.0,61.521,0.0,1005.0,0.0,3617.1875,46068.0,2944.0,34.0,61.745,0.0,1005.0,93.0,5952876544.0,69149302784.0,4.41655200136945,334737408.0,1172930560.0,17167.0,4580666.0,47.0,41647.1875,46068.0,40966.0,44.0,110.151,47.0,1005.0,0,1,0.1015586041460759,11,56,5749,0.6709703333333333,1519,0.6693706773221493
4847,3.660437822341919,0.0756208896636962,0.0467309951782226,0.388617992401123,3.1675710678100586,3.0728139877319336,0.0200052261352539,2.5184431076049805,33.0,2432.0,2465.0,10.0,2,1024,2,3.0,8.0,1.0,256,1.0,0.2,1.0,20,1,2,0,1,4,1,0,1,4,1,1,1,0,1,1,1,0.0,47018635264.0,134785609728.0,41.3,2960066810368.0,4263313421312.0,50426852.0,167625299.0,13.0,1816055808.0,47465283584.0,1.3473662445604069,569053184.0,10711040.0,20874.0,8322.0,0.0,2299.1875,46068.0,1626.0,35.0,61.536,0.0,1005.0,0.0,3617.1875,46068.0,2944.0,34.0,74.528,0.0,1005.0,92.9,5952876544.0,69149302784.0,4.41655200136945,334737408.0,1186578432.0,17226.0,4634379.0,34.0,41647.1875,46068.0,40966.0,43.0,110.201,34.0,1005.0,0,1,0.260410807933185,6,21,4395,0.5511507666666667,1187,0.3619023518015941
4848,3.1669070720672607,0.0833549499511718,0.062140941619873,0.3838911056518554,2.672337055206299,2.579710006713867,0.0220003128051757,1.935859441757202,25.0,2923.0,2948.0,10.0,2,1024,2,3.0,8.0,1.0,256,1.0,0.2,1.0,20,1,2,0,1,4,1,0,1,4,1,1,1,1,1,1,1,0.0,47018635264.0,134785609728.0,41.3,2960066810368.0,4263313421312.0,50426852.0,167625299.0,13.0,1816055808.0,47465283584.0,1.3473662445604069,569053184.0,10711040.0,20874.0,8322.0,0.0,2299.1875,46068.0,1626.0,35.0,61.536,0.0,1005.0,0.0,3617.1875,46068.0,2944.0,34.0,74.528,0.0,1005.0,92.9,5952876544.0,69149302784.0,4.41655200136945,334737408.0,1186578432.0,17226.0,4634379.0,34.0,41647.1875,46068.0,40966.0,43.0,110.201,34.0,1005.0,0,1,0.202749430154621,9,19,5558,0.59468919,1377,0.9751140276590983
4849,2.504080057144165,0.0755960941314697,0.048983097076416,0.384728193283081,2.014643907546997,1.9197728633880613,0.0219130516052246,1.214745283126831,17.0,3101.0,3118.0,10.0,2,1024,2,3.0,8.0,1.0,256,1.0,0.2,1.0,20,1,2,0,1,4,1,0,1,4,1,1,1,0,1,1,1,0.0,47009505280.0,134785609728.0,41.2,2960066810368.0,4263344915456.0,50426852.0,167625649.0,25.8,1814781952.0,47465283584.0,1.3464211466359544,569053184.0,10948608.0,20894.0,8500.0,0.0,2299.1875,46068.0,1626.0,35.0,61.989,0.0,1005.0,66.0,3617.1875,46068.0,2944.0,37.0,135.673,66.0,1005.0,82.5,5952876544.0,69149302784.0,4.41655200136945,334737408.0,1197600768.0,17275.0,4677657.0,0.0,41647.1875,46068.0,40966.0,42.0,96.681,0.0,1005.0,0,1,0.2767766952966368,5,10,6511,0.6870153333333334,1739,0.6896820167700449
4850,2.961134910583496,0.0746500492095947,0.0474960803985595,0.3826329708099365,2.475958824157715,2.380542993545532,0.0223500728607177,1.7044663429260254,22.0,3022.0,3044.0,10.0,2,1024,2,3.0,8.0,1.0,256,1.0,0.2,1.0,20,1,2,0,1,4,1,0,1,4,1,1,1,1,1,1,1,0.0,47009505280.0,134785609728.0,41.2,2960066810368.0,4263344915456.0,50426852.0,167625649.0,25.8,1814781952.0,47465283584.0,1.3464211466359544,569053184.0,10948608.0,20894.0,8500.0,0.0,2299.1875,46068.0,1626.0,35.0,61.989,0.0,1005.0,66.0,3617.1875,46068.0,2944.0,37.0,135.673,66.0,1005.0,82.5,5952876544.0,69149302784.0,4.41655200136945,334737408.0,1197600768.0,17275.0,4677657.0,0.0,41647.1875,46068.0,40966.0,42.0,96.681,0.0,1005.0,0,1,0.1386750490563073,5,16,7185,0.6772555666666666,1756,0.9851718346277872
4854,2.66142201423645,0.0722808837890625,0.0471129417419433,0.3814408779144287,2.1813809871673584,2.0906691551208496,0.0225687026977539,1.3442490100860596,22.0,3366.0,3388.0,10.0,2,1024,2,3.0,8.0,1.0,256,1.0,0.2,1.0,20,1,2,0,1,4,1,0,1,4,1,1,1,0,1,1,1,0.0,47039283200.0,134785609728.0,41.3,2960109609472.0,4263386190848.0,50427367.0,167626352.0,12.2,1814781952.0,47465283584.0,1.3464211466359544,569053184.0,11558912.0,20944.0,8945.0,0.0,2299.1875,46068.0,1626.0,35.0,61.559,0.0,1005.0,0.0,3617.1875,46068.0,2944.0,35.0,72.296,0.0,1005.0,93.3,5952876544.0,69149302784.0,4.41655200136945,334737408.0,1229041664.0,17409.0,4800617.0,41.0,41647.1875,46068.0,40966.0,45.0,149.072,55.0,1005.0,0,1,0.2391444980538394,14,15,5912,0.7906543633333333,1976,0.9945503870646158
4855,2.8349239826202397,0.0721840858459472,0.046860933303833,0.3804559707641601,2.354401111602783,2.2618229389190674,0.0205762386322021,1.6987009048461914,24.0,2552.0,2576.0,10.0,2,1024,2,3.0,8.0,1.0,256,1.0,0.2,1.0,20,1,2,0,1,4,1,0,1,4,1,1,1,1,1,1,1,0.0,47039283200.0,134785609728.0,41.3,2960109609472.0,4263386190848.0,50427367.0,167626352.0,12.2,1814781952.0,47465283584.0,1.3464211466359544,569053184.0,11558912.0,20944.0,8945.0,0.0,2299.1875,46068.0,1626.0,35.0,61.559,0.0,1005.0,0.0,3617.1875,46068.0,2944.0,35.0,72.296,0.0,1005.0,93.3,5952876544.0,69149302784.0,4.41655200136945,334737408.0,1229041664.0,17409.0,4800617.0,41.0,41647.1875,46068.0,40966.0,45.0,149.072,55.0,1005.0,0,1,0.2730392120612609,7,13,5153,0.7499882066666667,1169,0.697093074520429
